SKU,DESCRIPCION,EAN_TEXT
589308,MP MESA PORTAFOLIO PLEGABLE 180 cm TIPO MADERA JAR,EAN07338102394998
594964,MP SILLA ESCRITORIO NEGRA GAMER ERGONOMICA,EAN07502308505629
603213,MP SET KIT 2 MALETA VIAJ NOMAD ABS GRANDE MANO NGR,EAN07502308505698
603224,MP MA l DE VIAJ PEQUENA MANO TRAVEL ELITE ABS ROJO,EAN07502308505889
613372,MP MESA PLEGABLE MULTIUSOS AUXILIAR 50 cm EXTERIOR,EAN07502308502567
603212,MP MALETA DE VIAJE GRANDE TRAVEL ELITE ABS NOMAD,EAN07502308505797
594967,MP SILLA ESCRITORIO BLANCA GAMER ERGONOMICA,EAN07502308505643
589295,MP 6 SILLAS EAMES PATAS EN MADERA COMEDOR BLANCO,EAN07506134951858
589290,MP 2 SILLAS EAMES MADERA COMEDOR SALA,EAN00733810238768
594968,MP SILLA ESCRITORIO VERDE GAMER ERGONOMICA,EAN07502308505650
613370,MP MESA PLEGABLE COMEDOR REDONDA JARDIN BANQUETERA,EAN07502308502543
602564,MP BANDA CAMINADORA ELECTRICA NOVA 1.25HP,EAN07502308502499
606244,MP SET KIT 2 MALETAS RIGIDAS MEDIANA 4 RUEDAS NEG,EAN07502308501225
594965,MP SILLA ESCRITORIO ROJA GAMER ERGONOMICA,EAN07502308505636
594961,MP SILLA EAMES MODERNA PATAS EN MADERA NEGRO,EAN07591542831816
602686,MP MALETA VIAJE EQUIPAJE MANO 10KG PEQUENA,EAN07502308501348
603223,MP MALETA DE VIAJE PEQUENA MANO TRAVEL ELITE ABS,EAN07502308505872
587520,MP MALETA DE VIAJE DE MANO EJECUTI 16pulg ORO ROSA,EAN07502308505391
589306,MP SILLA TOLIX ACERO COMEDOR BAR NEGRO,EAN00733810238812
589303,MP 4 SILLAS EAMES SILLA MINIMALISTA MODERNA,EAN00733810237969
589289,MP 2 SILLAS EAMES MADERA COMEDOR SALA BLANCO,EAN00733810238751
571692,MP KITX2 SILLAS ACERO TOLIX MEDIANO NEGRO,EAN07502308501799
571691,MP KITX2 SILLAS ACERO TOLIX MEDIANO PLATEADO,EAN07502308501782
589297,MP 4 SILLAS EAMES SILLA MINIMALISTA MODERNA NEGRO,EAN00733810237976
603206,MP SET KIT 2 MALETA VIAJ NOMAD ABS MEDIAN CARR NGR,EAN07502308505735
587509,MP SET DE 4 MALETAS DE VIAJE ABS SKY PLATEADO,EAN07502308500310
594963,MP SILLA EAMES MODERNA PATAS EN MADERA,EAN07752542831804
602685,MP MALETA VIAJE EQUIPAJE MANO 10KG CARRY ON,EAN00733810238638
617114,MP COLCHONETA YOGA PILATES MAT TAPETE EJERCICIO V,EAN07502308506794
602675,MP MALETA VIAJE GRANDE BODEGA ABS 4 RUEDAS,EAN07502308501249
589284,MP 4 SILLAS EAMES TULIP ASIENTO ACOLCHADO BLANCO,EAN07500764001549
589283,MP 2 SILLAS EAMES TULIP ASIENTO ACOLCHADO NEGRO,EAN00733810238782
578620,MP GV SILLAS PLEGABLE ASOLEADORA BEIGE X 10,EAN07502308503335
583683,MP GV TOLDO CARPA PLEGABLE 2X2 M BLANCA X 10,EAN07502308504844
606108,MP CAMINADORA ELECTRICA PREMIUM WALKING PAD NEGRA,EAN07502308502451
589299,MP 4 SILLAS EAMES SILLA MINIMALISTA MODERNA ROJO,EAN07709533047973
589296,MP 6 SILLAS EAMES PATAS EN MADERA COMEDOR NEGRO,EAN07506134951865
603214,MP SET KIT 2 MALETA VIAJ NOMAD ABS GRNDE MANO AZUL,EAN07502308505704
604252,MP GV BICICLETA SPINNING PROFESION INDOOR 18KG X6U,EAN07502308506459
613378,MP SET 4 MALES VIAE RIGIDAS TOUR ABS 4 RUEDAS ROJO,EAN07500764002980
613371,MP MESA PORTAFOLIO PLEGABLE POLICARBONATO,EAN07502308506800
583686,MP GV TOLDO CARPA PLEGABLE 3X3 M AZUL X 10,EAN07502308504868
573029,MP SOPORTE FIJO DE TV SOPORTE PANTALLAS 32-75PULG,EAN07503030938273
603210,MP MALETA DE VIAJ GRAND TRAVEL ELITE ABS NOMD AZUL,EAN07502308505780
613373,MP JUEGO DE COMEDOR JARDIN EXTERIOR TIPO RATTAN,EAN07502308502604
603202,MP MALET DE VIAJE GRND TRAVEL ELITE ABS NOMAD ROJO,EAN07502308505803
617115,MP BALON PILATES YOGA TERAPIA PELOTA FITNESS 75 cm,EAN00602168919639
589305,MP SILLA EAMES TULIP ACOLCHADO,EAN07589111835211
583684,MP GV TOLDO CARPA PLEGABLE 2X2 METROS ROJO X 10,EAN07502308504851
587452,MP BANCA PARA ABDOMEN CON 5 INCLINACIONES,EAN07502308500136
606241,MP SET KIT 2 MALETAS RIGIDAS MEDIANA 4 RUEDAS AZUL,EAN07502308501218
603208,MP MALETA DE VIAJ GRAND TRAVEL ELITE ABS NOMAD NGR,EAN07502308505773
603165,MP MINI BICICLETA PEDAL ESTATICA NEGRA,EAN07502308502420
617116,MP BALON PILATES YOGA TERAPIA PELOTA FIT 75 cm GRS,EAN00602168919301
572070,MP GABINETE DE BANO GUATAPE,EAN07502308501423
576916,MP COMBO MAQ ABDOMINAL+BALON75 cm+TAPETE YOGA,EAN07502308501980
597090,MP ARBOL NAVIDAD DELUXE 1120 RAMAS DECORACION 210,EAN07503034488101
576917,MP COMBO MAQ ABDOMINAL+LAZO SALTO 3M+TAPETE YOGA,EAN07502308501997
589294,MP 2 SILLAS EAMES TULIP ASIENTO ACOLCHADO,EAN00733810238805
602681,MP MALETA VIAJE GRANDE BODEGA ABS 4 RUEDAS,EAN07502308501256
613367,MP SILLA GAMER ERGONOMICA STARK BLANCA,EAN07502308502246
578619,MP GV SILLAS PLEGABLE ASOLEADORA NEGRO X 10,EAN07502308503328
597423,MP GV CARPA TOLDO 3X3 BL PARED FUNDA REFORZA X10U,EAN07502308506213
589301,MP 4 SILLAS TOLIX ACERO COMEDOR BAR NEGRO,EAN00733810238270
560391,MP BARRA MULTIFUNCION PARED METAL AMARILLO,EAN00610452851749
583680,MP GV TOLDO CARPA 3X4.5 M AZUL X 10,EAN07502308504905
603220,MP JUEGO SET 4 MALETA NOMAD RIGIDAS VIAJE ABS AZUL,EAN07502308500402
603207,MP SET KIT 2 MALET VIAJ NOMAD ABS MEDIAN CARR ROJO,EAN07502308505766
589302,MP 4 SILLAS TOLIX ACERO COMEDOR BAR PLATEADO,EAN00733810238287
573028,MP SOPORTE DE TV EXTENSIBLE 3 BRAZOS 26-50PULG,EAN07503027231639
606240,MP SET KIT 2 MALETAS RIGIDAS GRANDE 4 RUEDAS NEGRO,EAN07502308501188
606243,MP SET KIT 2 MALETAS RIGIDAS GRANDE 4 RUEDAS PLAT,EAN07502308501164
589293,MP 6 SILLAS EAMES PATAS EN MADERA COMEDOR ROJO,EAN07708736468998
589307,MP MESA PORTAFOLIO PLEGABLE 180 cm POLICARBONATO J,EAN06086314925004
603209,MP SET KIT 2 MALETA VIAJ NOMAD ABS GRAND MANO GRIS,EAN07502308505711
613375,MP JUEGO DE COMEDOR EXTERIOR PLEGABLE PREMIUM NEG,EAN07502308502611
603163,MP BICICLETA SPINNING 7KG NUEVO MODELO,EAN07502308503595
587526,MP MALETA DE VIAJE PEQUENA ABS SKY 20pulg AZUL,EAN07502308505339
583678,MP GV TOLDO CARPA PLEGABLE 3X3 M ROJA X 10,EAN07502308504882
602682,MP MALETA VIAJE MEDIANA BODEGA ABS 4 RUEDAS,EAN07502308501294
573027,MP SOPORTE DE TV FIJO DELGADO TVS DE 26-65PULG,EAN07503030938266
606242,MP SET KIT 2 MALETAS RIGIDAS MEDIANA 4 RUEDAS PLA,EAN07502308501201
594962,MP SILLA EAMES MODERNA PATAS EN MADERA ROJO,EAN07752542831835
583679,MP GV TOLDO CARPA PLEGABLE 3X3 M VERDE X 10,EAN07502308504899
556806,MP COMBO JARDIN VERTICAL ARTIFICIAL 40X60CM X50,EAN07708113176607
589285,MP 4 SILLAS EAMES TULIP ASIENTO ACOLCHADO NEGRO,EAN07500764001556
613368,MP SILLA GAMER ERGONOMICA STARK NEGRA,EAN07502308502239
587519,MP MALETA DE VIAJE MEDIANA ABS SKY 24pulg AZUL,EAN07502308505322
573025,MP SOPORTE DE TV CON INCLINACION DELGADO 26-65PULG,EAN07503030938280
613369,MP SILLA GAMER ERGONOMICA STARK ROJA,EAN07502308502222
597424,MP SET DE 4 MALETAS ABS TRAVEL ELITE DIFERENT,EAN07500764002973
573031,MP SOPORTE DE TV EXTENSIBLE GIRATORIO 26-55PULG,EAN07503024282764
583695,MP GV TOLDO CARPA PLEGABLE 2X2METROS AZUL X 10,EAN07502308504837
603164,MP SILLA PARA OFICINA URBAN DESIGN ERGONOMICA NEG,EAN00733810238324
613374,MP JUEGO BALCON EXTERIOR 2 POLTRONAS 1 MESA NEGRO,EAN07502308502598
617117,MP BALON PILATES YOGA TERAPIA PE lA FIT75 cm MORAD,EAN00733810235064
603225,MP mlT VIAJ MNO CARRY ON TRAVL ELIT ABS 16pulg NGR,EAN07502308505896
602677,MP MALETA VIAJE GRANDE BODEGA ABS 4 RUEDAS,EAN07502308501263
589288,MP 2 SILLAS EAMES MADERA COMEDOR SALA ROJO,EAN07709533047959
603216,MP SET KIT 2 MALET VIAJ NOMAD ABS MEDIAN CARR AZUL,EAN07502308505742
597426,MP SET DE 4 MALETAS ABS TRAVEL ELITE DIFERENTE,EAN07500764002966
603203,MP MA l DE VIAJE MEDIN TRAVEL ELITE ABS NMAD NEGRO,EAN07502308505810
603229,MP MALET DE VJE PEQUENA MNO TRAVEL ELITE ABS AZUL,EAN07502308505865
604251,MP GV MINI BICICLETA EJERCITAD PEDAL PORTATIL X10U,EAN07502308506558
603226,MP mlT VIJE MNO CRRY ON TRAVEL E l ABS 16pulg AZUL,EAN07502308505902
606239,MP SET KIT 2 MALETAS RIGIDAS GRANDE 4 RUEDAS AZUL,EAN07502308501171
578485,MP GV SILLONES BARBERO HIDRAULICO NEGRO X 6,EAN07502308503137
560392,MP BARRA MULTIFUNCIONAL PARED METAL AZUL,EAN00608631492326
603219,MP JUEGO SET 4 MALETAS NOMAD RIGIDAS VIAJE ABS NGR,EAN07502308500396
582083,MP COLCHON DOBLE DE ESPUMA BIBOX ROMANCE RELAX,EAN07502308512184
603227,MP MALETA DE VIAJE MEDIANA TRAVEL ELITE ABS NOMAD,EAN07502308505841
603205,MP MA l DE VIAJ MEDINA TRAVEL ELITE ABS NOMAD GRIS,EAN07502308505834
606643,MP MESA PLEGABLE 180 cm TIPO MADERA MARRON PLASTIC,EAN07709368396666
589286,MP 2 SILLAS EAMES MADERA COMEDOR SALA GRIS,EAN00733810238775
587513,MP SET DE 2 MALETAS DE VIAJE GRANDE Y DE MANO ORO,EAN07502308505407
587514,MP MALETA DE VIAJE MEDIANA ABS SKY 24pulg ORO ROSA,EAN07502308505377
587517,MP MALETA DE VIAJE MEDIANA ABS SKY 24pulg PLATEADO,EAN07502308505278
589287,MP 4 SILLAS EAMES TULIP ASIENTO ACOLCHADO,EAN07500764001563
603222,MP MALET VIAJ MNO CARRY ON TRAVEL ELITE ABS 16pulg,EAN07502308505926
589300,MP SILLA TOLIX ACERO COMEDOR BAR,EAN07502308501768
589291,MP 6 SILLAS EAMES PATAS EN MADERA COMEDOR GRIS,EAN07708736468172
602676,MP MALETA VIAJE MEDIANA BODEGA ABS 4 RUEDAS,EAN07502308501287
589292,MP 2 SILLAS EAMES TULIP ASIENTO ACOLCHADO BLANCO,EAN00733810238799
595031,MP ORGANIZADOR ZAPATOS 10 PARES ACOMODADOR PLASTI,EAN07708113176171
560280,MP BICICLETA EST?TICA 617M MONITOR 140 kg NEG,EAN07708113176843
597420,MP GV CARPA TOLDO 3X3 AZUL PARED FUNDA REFORZAX10U,EAN07502308506237
583691,MP GV TOLDO CARPA 3X4.5 M ROJO X 10,EAN07502308504929
564964,MP SILLON BARBERO HIDRAULICO B47-CH002B BLANCO,EAN07500764003130
602565,MP BANDA CAMINADORA ELECTRICA TITAN 1.75HP,EAN07502308502505
587516,MP MALETA DE VIAJE DE MANO EJECUTIVA 16pulg PLATEA,EAN07502308505292
607193,MP GV MESA PLEGABLE 180 cm TIPO MADERA PLASTI X10U,EAN07502308506527
602683,MP MALETA VIAJE EQUIPAJE MANO 10KG PEQUENA,EAN07502308501324
603204,MP MA l DE VJE MEDIANA TRAVEL ELITE ABS NOMAD AZUL,EAN07502308505827
603218,MP SET KIT 2 MALETAS VIAJE NOMAD ABS MEDIANA CARR,EAN07502308505759
587523,MP SET DE 4 MALETAS DE VIAJE ABS SKY ORO ROSA,EAN07502308500334
573030,MP SOPORTE DE TV EXTENSIBLE 3 BRAZOS 26-60PULG,EAN07503027231493
611565,MP CAMINADORA ELECTRICA TROTADORA NEGRA,EAN07502308502475
603211,MP SET KIT 2 MALETAS VIAJE NOMAD ABS GRANDE MANO,EAN07502308505728
583681,MP GV TOLDO CARPA 3X4.5 M BLANCO X 10,EAN07502308504912
597237,MP GV MESA PLEGABL 180 cm TIPO MADERA PLASTICO X10,EAN07502308506404
613366,MP SILLA GAMER ERGONOMICA STARK AZUL,EAN07502308502253
587518,MP MALETA DE VIAJE DE MANO EJECUTIVA 16pulg AZUL,EAN07502308505346
576918,MP COMBO MAQ ABDOMINAL+SET 5 BANDAS+TAPETE YOGA,EAN07502308502000
597226,MP GV BANCA PARA ABDOMEN CON 5 INCLINACIONES X10U,EAN07502308506275
595364,MP MESA PORTAFOLIO PLEGABLE CHOCOLATE 180 cm PLA,EAN07338102382568
594960,MP SILLA EAMES MODERNA PATAS EN MADERA GRIS,EAN07591542831793
589298,MP 4 SILLAS EAMES SILLA MINIMALISTA MODERNA GRIS,EAN00733810237983
602679,MP MALETA VIAJE EQUIPAJE MANO 10KG PEQUENA,EAN07502308501331
602680,MP MALETA VIAJE EQUIPAJE MANO 10KG CARRY ON,EAN00733810238645
597421,MP GV CARPA TOLDO 3X3 ROJ PARED FUNDA REFORZA X10U,EAN07502308506251
587521,MP MALETA DE VIAJE GRANDE ABS SKY 28pulg AZUL,EAN07502308505315
594966,MP SILLA ESCRITORIO AZUL GAMER ERGONOMICA,EAN07502308505667
587511,MP SET DE 2 MALETAS DE VIAJE GRANDE Y DE MANO PLA,EAN07502308505308
589304,MP SILLA EAMES TULIP ACOLCHADO NEGRO,EAN07500764001594
602678,MP MALETA VIAJE EQUIPAJE MANO 10KG CARRY ON,EAN00733810238652
603228,MP MALET DE VJE PEQUENA MANO TRAVEL ELITE ABS NEGR,EAN07502308505858
603221,MP MALET VIJE MNO CARRY ON TRAVEL ELITE ABS 16pulg,EAN07502308505919
602684,MP MALETA VIAJE MEDIANA BODEGA ABS 4 RUEDAS,EAN07502308501300
606107,MP BICICLETA SPINNING PROFESION INDOOR NEGRO 18KG,EAN07708113176805
587453,MP BANCA DE PESAS PARA PECHO. BRAZO Y PIERNA,EAN07502308500143
603217,MP JUEGO SET 4 MALETAS NOMAD RIGIDAS VIAJE ABS,EAN07502308500426
587512,MP SET DE 2 MALETAS DE VIAJE GRANDE Y DE MANO AZUL,EAN07502308505353
560395,MP BARRA MULTIFUNCIONAL PARED METAL GRIS,EAN00602822700825
573026,MP SOPORTE DE TV FIJO PANTALLAS DE 32-75PULG,EAN07503021493026
597425,MP SET DE 4 MALETAS ABS TRAVEL ELITE DIFERENTE T,EAN07500764002959
603215,MP JUEGO SET 4 MALETA NOMAD RIGIDAS VIAJE ABS GRIS,EAN07502308500419
578460,MP GV COMBO JARDIN VERTICAL ARTIF 40X60 CM X60,EAN07502308503861
589482,MP MP SILLA EAMES TULIP ACOLCHADO,EAN07500764001587
560394,MP BARRA MULTIFUNCIONAL PARED METAL ROJO,EAN00608631492333
557088,FB LAZO CUERDA SALTO VELOCIDAD 3 METROS ROJO,EAN00608631492746
556807,MP COMBO JARDIN VERTICAL ARTIFICIAL 40X60CM X10,EAN07708113176539
556810,FB KIT DE MANCUERNAS 10 kg NEOPRENO MULTIC,EAN00602168920000
582095,FB CARPA PLEGABLE TOLDO 2X2 AZUL NEGOCIO Y EVENTOS,EAN00733810238553
590042,FB TRAMPOLIN BRINCOLIN PARA NINOS CON RED,EAN00733430532949
557093,FB TRAMPOLIN AEROBIC 91 cm NEG,EAN00602168919707
560396,FB LUZ LED PARA BICICLETA USB,EAN07708113176515
588672,FB CAMINADORA ELECTRICA 2.5 HP NEGRA 138 cm,EAN07502308500457
557092,FB TRAMPOLIN AEROBICO 91 cm FITNESS ROJO,EAN00608631492562
582096,FB CARPA TOLDO PLEGABLE 3X4.5 BLANCO NEGOCIO Y EV,EAN00733810236542
554349,FB SET 4 MALETAS RIGIDAS POLICARBONATO PLATA,EAN07709084094686
554278,FB SILLA GAMER PC ERGONOMICA RECLINABLE AZUL,EAN00733810236443
556804,FB ESCRITORIO MINIMALISTA CON REPISAS CHOCOLATE,EAN00733810238317
556808,FB SILLA PLEGABLE ASOLEADORA 90X120X50 NEGRO,EAN07708113176652
560283,FB SILLA GAMER GAMERCHAIRN ERGONOMICA 117X53X49 AZ,EAN07708113176355
558111,FB CLOSET DOBLE DESARMABLE PORTATIL FORRO NEGRO,EAN07708113176997
557094,FB TRAMPOLIN AEROBIC 91 cm AZUL,EAN00608631492555
557089,FB LAZO CUERDA SALTO VELOCIDAD 3 METROS AZUL,EAN00608631492920
582088,FB CARPA TOLDO PLEGABLE 3X4.5 ROJO NEGOCIO Y EVEN,EAN00733810236559
560289,FB SILLA GAMER PC SA-R-4 ERGONOMICA 82X52X62 NEGRO,EAN07709468448593
588598,FB BICICLETA ESTATICA SPINNING 7 Kg NEGRA 97 cm,EAN07502308501508
560288,FB SILLA GAMER PC SA-R-4 ERGONOMICA 82X52X62 VERDE,EAN00733810238393
554280,FB SILLA GAMER GAMING ESCRITORIO PC ROJO,EAN07708113176188
556809,FB SILLA PLEGABLE ASOLEADORA 90X120X50 BEIGE,EAN07708113176102
557091,FB COLCHONETA TAPETE YOGA 183 cm 10MM AZUL,EAN00733810235828
572067,FB RACK PARA TV TAYRONA,EAN07502308501393
582085,FB CARPA TOLDO 3X3 AZUL PAREDES FUNDA REFORZADO,EAN00733810239529
582092,FB CARPA PLEGABLE TOLDO 2X2 ROJO NEGOCIO Y EVENTOS,EAN00733810238577
560281,FB BICICLETA EST?TICA 617M MONITOR 140 kg ROJ,EAN07708113176850
589185,FB MESA PING PONG PLEGABLE URBANFIT PRO,EAN07502308500174
585080,FB TRAMPOLIN BRINCA BRINCA 8 PIES 2.43 m DIAME,EAN07502308500181
587451,FB PISO CAUCHO PARA GIMNASIO 3 MOSAICOS CON 4 PIE,EAN07502308500167
582084,FB CARPA TOLDO 3X3 ROJO PAREDES FUNDA REFORZADO,EAN00733810239512
582094,FB CARPA TOLDO 3X3 VERDE NEGOCIO Y EVENTOS,EAN07708113176003
560286,FB SILLA GAMER PRO SA-R-4 ERGONOMICA 129X63X62 NEG,EAN07500764000276
578621,MP JARDIN VERTICAL ARTIFICIAL 40X60CM,EAN07502308503588
590043,FB TRAMPOLIN BRINCOLIN PARA NINOS RED,EAN00733810235033
582093,FB CARPA TOLDO 3X3 BLANCO PAREDES FUNDA REFORZADO,EAN00733810239536
558112,FB CLOSET DOBLE DESARMABLE PORTATIL CON FORRO AZUL,EAN07708113176614
560287,FB SILLA GAMER PRO SA-R-4 ERGONOMICA 129X63X62 ROJ,EAN07500764000269
557090,FB COLCHONETA TAPETE YOGA 183 cm 10MM NEGRO,EAN00733810238584
560275,FB ARBOL DE NAVIDAD ROBUSTO 1.80 cm VERDE OSCURO,EAN07500764003062
556805,MP COMBO JARDIN VERTICAL ARTIFICIAL 40X60CM X20,EAN07708113176133
560276,FB ARBOL DE NAVIDAD ROBUSTO 2.10 cm VERDE OSCURO,EAN07500764003079
560279,FB CAMINADORA TROTAD ELECT 816 110 kg 2.5HP 16KM/H,EAN00733810235156
587450,FB SET DE 4 MOSAICOS PISO DE NEOPRENO. RESISTENTE,EAN07502308500150
582086,FB CARPA TOLDO 3X3 AZUL NEGOCIO Y EVENTOS,EAN00733810236504
582089,FB CARPA TOLDO 3X3 BLANCO NEGOCIO Y EVENTOS,EAN00733810236511
557087,FB COLCHONETA TAPETE YOGA 183 cm 10MM GRIS,EAN00733810235811
564962,FB SILLON BARBERO HIDRAULICO B47-CH002B NEGRO,EAN00608631492319
572064,FB CLOSET MACONDO 3 PUERTAS,EAN07502308501362
554284,FB BICICLETA SPINNING MONIT LCD 130 kg BLANCA,EAN07708113176454
560284,FB SILLA GAMER PC SA-R-4 ERGONOMICA 82X52X62 BLANC,EAN00733810238409
572065,FB CLOSET MOFBOX 2 PUERTAS,EAN07502308501379
554283,FB BICICLETA SPINNING MONIT LCD 130 kg NEGRA,EAN07708113176720
560282,FB BICICLETA EST?TICA 617M MONITOR 140 kg BLA,EAN07708113176508
582090,FB CARPA TOLDO 3X3 ROJO NEGOCIO Y EVENTOS,EAN00733810236528
560285,FB SILLA GAMER PRO SA-R-4 ERGONOMICA 129X63X62 BLA,EAN07500764000283
554279,FB SILLA GAMER PC ERGONOMICA RECLINABLE ROJO,EAN00733810236436
554285,FB BICICLETA SPINNING MONIT LCD 130 kg ROJA,EAN07708113176638
587454,FB BICICLETA ESTATICA SPINNING 15 Kg NEGRA 119 cm,EAN07502308501775
557086,FB COLCHONETA TAPETE YOGA 183 cm 10MM LILA,EAN00733810235835
558113,FB CLOSET DOBLE DESARMABLE PORTATIL CON FORRO GRIS,EAN07708113176829
582087,FB CARPA TOLDO PLEGABLE 3X4.5 AZUL NEGOCIO Y EVEN,EAN00733810236535
557085,FB COLCHONETA TAPETE YOGA 183 cm 10MM ROSA,EAN00733810241911
554281,FB SILLA GAMER GAMING ESCRITORIO PC NEGRO,EAN07708113176225
554350,FB SET 4 MALETAS RIGIDAS POLICARBONATO AZUL,EAN07709533047928
554282,FB CAMINADORA TROTAD ELEC PLEG 115 kg 1.75HP 10KMH,EAN00733810236412
582091,FB CARPA PLEGABLE TOLDO 2X2 BLANCO JARDIMANIA NE,EAN00733810238560
